Organization,Drive Link,Collaboratory Profile,Title,First name,Last name
Ability360,,https://he.cecollaboratory.com/collaboratory/W2XKZ2HI2/organizations/e9a4203f-469d-4d74-6680-86297b55216a,President & CEO,Christopher ,Rodriguez
Aid to Adoption of Special Kids--AZ,https://drive.google.com/drive/folders/1EhHmQibgkvNc2uGmgcduoolfgRTwVBTP?usp=drive_link,https://he.cecollaboratory.com/collaboratory/W2XKZ2HI2/organizations/c8e8df7c-6c1b-4a21-65fa-17027e598a86,Chief Executive Officer,Ron,Adelson
AllThrive 365 (formerly Foundation for Senior Living),,,President & CEO,"Tamara ""Tami""",Bohannon
Alzheimer's Assoc. Desert Southwest Chapter,https://drive.google.com/drive/folders/1ekh5beqh6JOEqwG1-wtt7a9jnZyq9Y42?usp=drive_link,https://he.cecollaboratory.com/collaboratory/W2XKZ2HI2/organizations/20752c76-05fa-4faa-6e8e-aa6b557930c7,Executive Director,Terri,Spitz
"Area Agency on Aging, Region One",,https://he.cecollaboratory.com/collaboratory/W2XKZ2HI2/organizations/d962ea2b-5d74-4b59-5eaa-b51395cdeb91,President & CEO,Mary Lynn,Kasunic
Arizona Center for African American Resources,,https://he.cecollaboratory.com/collaboratory/W2XKZ2HI2/organizations/b91ceec7-aca8-43d2-7e29-4b4378ac2c79,Executive Director,Roy Thomas,Dawson
Arizona Humane Society,https://drive.google.com/drive/folders/137GTqP3R_tfYCODhnklOsriwyMe7hH43?usp=drive_link,https://he.cecollaboratory.com/collaboratory/W2XKZ2HI2/organizations/ef91f17b-9c49-4a08-587c-349dea388656,President & CEO,Steven,Hansen
Arizona Opera,,https://he.cecollaboratory.com/collaboratory/W2XKZ2HI2/organizations/f8cb441f-da1e-4e86-4c25-768ac467dfed,President & General Director,Brian,Demaris
Art Heals Arizona (formerly Free Arts for Abused Children),,https://he.cecollaboratory.com/collaboratory/W2XKZ2HI2/organizations/ea24c63d-b9b1-4e40-793f-93baf531de8f,Executive Director,Matt ,Sandoval
Big Brothers Big Sister of Central Arizona ,https://drive.google.com/drive/folders/1gqV2BDcRE5xiD0yNCBeDRkcbVv7lXaB5?usp=drive_link,https://he.cecollaboratory.com/collaboratory/W2XKZ2HI2/organizations/b94fb739-53b3-4221-46ad-3e9d1e591bd9,President &I CEO,Debbie ,Castillo-Smith
Boys and Girls Club of Greater Scottsdale ,,https://he.cecollaboratory.com/collaboratory/W2XKZ2HI2/organizations/42a02ebb-3dba-4f7a-6967-4012c482436a,President & CEO,Ivan ,Gilreath
Boys and Girls Club of the Valley,,https://he.cecollaboratory.com/collaboratory/W2XKZ2HI2/organizations/ef8c03bf-f97e-41ac-5885-a2d5dd67f573,Chief Executive Officer,Marcia,Mintz
Breakthrough T1D,,,Territory Executive,Michael,Simoni
Catholic Charities Community Service,https://drive.google.com/drive/folders/1kHYpDOFCcnJkntQTP2_1I6XhBlWYM6Xn?usp=drive_link,https://he.cecollaboratory.com/collaboratory/W2XKZ2HI2/organizations/d6ee83ee-4124-49af-4412-3df1d63b392b,President & CEO,Paul,Mulligan
Child Crisis Arizona,https://drive.google.com/drive/folders/1SENnXbxPCngjpoII60_p-WCLEonRSA05?usp=drive_link,https://he.cecollaboratory.com/collaboratory/W2XKZ2HI2/organizations/d2e2581e-31a4-406d-6531-7067c6f9c3ff,Chief Executive Officer,Torrie,Taj
Community Bridges,,https://he.cecollaboratory.com/collaboratory/W2XKZ2HI2/organizations/842c97b5-1247-4bb0-7e21-80975d8c1f0c,President & CEO,John F.,Hogeboom
Delivering Dreams of Arizona (formerly Assistance League),,https://he.cecollaboratory.com/collaboratory/W2XKZ2HI2/organizations/a7f0292d-304f-423e-6ab5-a7cc485c8861,Chief Executive Officer,Aimee,Runyon
Education Forward Arizona,,https://he.cecollaboratory.com/collaboratory/W2XKZ2HI2/organizations/d8a4bf05-5417-4c5c-7d07-ce8f1677f2e1,President and CEO,Rich ,Nickel
Foundation for Blind Children,,https://he.cecollaboratory.com/collaboratory/W2XKZ2HI2/organizations/bc1ff403-0a5f-45e7-6ce3-ef1eb4aa9acd,Chief Executive Officer,Jared,Kittelson
Frank Lloyd Wright Foundation ,,,President & CEO,Joseph,Specter 
Friendly House,,https://he.cecollaboratory.com/collaboratory/W2XKZ2HI2/organizations/ebf952ca-168f-450b-5816-8de933deb60d,President & CEO,Avein,Saaty-Tafoya
Habitat for Humanity Central Arizona,https://drive.google.com/drive/folders/1IrdKoKTBtR-iqTba7EPASKtdcDjT8-ER?usp=drive_link,https://he.cecollaboratory.com/collaboratory/W2XKZ2HI2/organizations/1c459b5a-684a-45c0-69ca-4bdb47e456ae,President & CEO,Todd,Rogers 
Hope Women's Center,https://drive.google.com/drive/folders/1C7wX-YS_vfr8feBgxnuRhWNDKS81srop?usp=drive_link,https://he.cecollaboratory.com/collaboratory/W2XKZ2HI2/organizations/d2bb70ca-f869-4d82-457f-5164827e3c41,CEO,Tammy,Abernethy
Junior Achievement of Arizona ,,https://he.cecollaboratory.com/collaboratory/W2XKZ2HI2/organizations/d6d69fa3-3f3e-4874-4510-c1e534fd1cde,President ,Katherine ,Kemmeries Cecala
Make-A-Wish Arizona,,https://he.cecollaboratory.com/collaboratory/W2XKZ2HI2/organizations/bb351bc2-9969-4d74-7d56-f41274f59e7b,President & CEO,Fran,Mallace
Mountain Park Health Center,,https://he.cecollaboratory.com/collaboratory/W2XKZ2HI2/organizations/a0f285a8-b78d-4e64-646e-6a3f5ee53041,Chief Executive Officer,John,"Swagert, M.D."
Phoenix Rescue Mission ,https://drive.google.com/drive/folders/1YcdCZZgjp2cwrHj9_7PxeZVRCfqbc9gb?usp=drive_link,https://he.cecollaboratory.com/collaboratory/W2XKZ2HI2/organizations/45c929df-3086-4a2e-7a25-5b382370400d,Chief Executive Officer,Ken,Brissa 
Read Better Be Better,,https://he.cecollaboratory.com/collaboratory/W2XKZ2HI2/organizations/245eccc8-cd11-4c2c-6013-a104568a0970,CEO,Sophie,Allen-Etchart
Rosie's House,,https://he.cecollaboratory.com/collaboratory/W2XKZ2HI2/organizations/2645761a-1054-4dfd-6609-55341435a402,CEO,Becky,Bell Ballard
SARRC (Southwest Autism Research and Resource Center),,https://he.cecollaboratory.com/collaboratory/W2XKZ2HI2/organizations/e31ce5a1-71a1-4616-75ab-9e99eee9fcb8,President,Daniel,Openden
Save the Family Foundation of Arizona ,,https://he.cecollaboratory.com/collaboratory/W2XKZ2HI2/organizations/c1da1d83-fe06-4cf4-5222-817d3bf4616c,Chief Executive Officer,Robyn,Julien
"Scouting Arizona, Grand Canyon Council (formerly Boy Scouts of America, Grand Canyon Chapter)",https://drive.google.com/drive/folders/1VtcS84I1ABcSvZzmE1fpaSdRnEALqnew?usp=drive_link,https://he.cecollaboratory.com/collaboratory/W2XKZ2HI2/organizations/f585d263-32d2-4bfa-6015-2532bc90a365,Scout Executive & CEO,Andy,Price
St. Mary's Food Bank Alliance,https://drive.google.com/drive/folders/1BYVrYCT1Nn4HIIEYrkbrq-0FZ5Bj_Mud?usp=drive_link,https://he.cecollaboratory.com/collaboratory/W2XKZ2HI2/organizations/f761985d-b930-42a0-40b1-5406ef128363,President & CEO,Milton ,Liu
St. Vincent de Paul,https://drive.google.com/drive/folders/14MDFknDLzMmrgTcNIhZJqcY4zAcPkMuZ?usp=drive_link,https://he.cecollaboratory.com/collaboratory/W2XKZ2HI2/organizations/fdd8ffc3-24a7-4e04-4476-b213c5f470f9,Executive Director,Shannon ,Clancy
Tanner Community Development Corporation,,https://he.cecollaboratory.com/collaboratory/W2XKZ2HI2/organizations/a79813ff-592d-46c1-4224-b50a6ebfd182,Executive Director,Kerwin V. ,Brown
Teach For America,,https://he.cecollaboratory.com/collaboratory/W2XKZ2HI2/organizations/ce859292-e6b7-47ab-5ae7-ddf629ff867a,Executive Director,Lauren ,Arndt
Terros Health,https://drive.google.com/drive/folders/1Zbwu5nxeda2dGEpdMnl7W6KlvHpgvXeK?usp=drive_link,https://he.cecollaboratory.com/collaboratory/W2XKZ2HI2/organizations/77c73526-c972-4be5-42de-296f8905e4ba,President and CEO,Karen,Hoffman Tepper
The Centers for Habilitation,https://drive.google.com/drive/folders/1XajLEtcI7C8m8_g7ELYiaWc1oepexXf_?usp=drive_link,https://he.cecollaboratory.com/collaboratory/W2XKZ2HI2/organizations/057b6503-2730-4b8b-41b9-62c69fc24198,CEO,Jeff,Bernick
"The Salvation Army, Southwest Division",,,Lt. Colonel,Henry ,Graciani
UMOM New Day Centers ,,https://he.cecollaboratory.com/collaboratory/W2XKZ2HI2/organizations/66914d44-5535-4dd4-7d28-18663c10050a,Chief Executive Officer,Monique ,Lopez 
United Food Bank,https://drive.google.com/drive/folders/1JVL-YiyS68pojuGeYbMrNhpsLsyzC_8Q?usp=drive_link,https://he.cecollaboratory.com/collaboratory/W2XKZ2HI2/organizations/80b5ce6b-ef4e-4a39-6fcd-2d8b3725fdad,President & EO,Jason,Reed
Urban League (Greater Phoenix),,https://he.cecollaboratory.com/collaboratory/W2XKZ2HI2/organizations/e8dfed02-f476-45cf-6f34-0b183f2e61ff,,,
Valle del Sol,,https://he.cecollaboratory.com/collaboratory/W2XKZ2HI2/organizations/295e5a02-ae10-45b0-77e6-0542aca2b09e,President & CEO,Mike ,Renaud
Valley Leadership,https://drive.google.com/drive/folders/1nE3UkhmSb6ZckJzST67pc5ZbxeSL2ctV?usp=drive_link,https://he.cecollaboratory.com/collaboratory/W2XKZ2HI2/organizations/593ab337-0f24-4838-5813-a4544c9c20f6,CEO,Dave,Brown
Valley of the Sun United Way,https://drive.google.com/drive/folders/1CDBF9nJXJIM_U08odnpKOfsEOgm6YUec?usp=drive_link,https://he.cecollaboratory.com/collaboratory/W2XKZ2HI2/organizations/bbdf857c-8ad9-43c3-4a49-e3e443ce198a,President & CEO,Carla ,Vargas Jasa
Valley of the Sun YMCA,,https://he.cecollaboratory.com/collaboratory/W2XKZ2HI2/organizations/32058bbc-bf64-4da0-76d0-76a6adf80da5,President & CEO,Bryan ,Madden
Wesley Community & Health Centers ,,https://he.cecollaboratory.com/collaboratory/W2XKZ2HI2/organizations/a6ba20e3-6a5f-492e-4fdd-e947440b8d45,CEO,Blaine,Bandi